ID,SEX,AGE,RACE,MARITAL,SIBS,CHILDS,HOMPOP,ADULTS,BABIES,EDUC,MAEDUC,PAEDUC,SPEDUC,RINCOME,INCOME,WRKSTAT,YEARSJOB,WRKGOVT,WRKSLF,SPWRKSTA,SATJOB1,HEALTH,HAPPY,VOTE12,VOTE16,PRES12,PRES16,OWNGUN,HELL,HEAVEN,ODDS1,ODDS2
11,1,59,1,3,3,2,2,2,0,19,12,12,0,12,12,1,2,2,2,0,1,1,2,1,1,2,2,1,2,2,2,1
13,2,61,1,3,9,2,1,1,0,13,12,0,0,0,11,5,-1,1,2,0,0,4,3,2,2,0,0,2,2,2,2,1
16,2,75,1,2,1,4,2,2,0,12,12,12,0,9,12,2,2,2,2,0,1,2,2,1,2,1,0,2,1,1,2,1
21,2,34,1,1,3,1,3,2,1,15,17,0,12,12,12,1,2,1,2,1,2,1,1,3,3,0,0,2,2,2,2,2
24,1,37,1,5,0,0,2,2,0,12,18,18,0,12,12,1,5,2,1,0,1,1,1,1,1,1,1,1,4,4,2,1
25,2,56,1,1,11,3,2,2,0,16,16,16,16,10,12,2,10,2,2,1,2,2,1,1,1,2,2,2,1,1,2,1
27,2,68,1,3,1,3,1,1,0,12,12,12,0,12,12,1,27,2,2,0,1,2,2,1,1,1,2,2,4,2,2,1
34,2,56,1,3,4,0,1,1,0,16,16,0,0,12,12,1,0.25,2,2,0,3,3,2,1,1,1,1,2,4,4,2,1
42,1,52,1,5,1,0,2,2,0,12,10,0,0,12,12,1,14,2,2,0,2,2,2,2,2,0,0,2,1,1,2,2
52,2,42,1,4,2,3,4,2,0,12,6,3,0,12,12,1,5,2,2,0,2,2,3,1,1,1,1,2,1,1,2,1
61,2,27,2,1,10,1,3,2,1,13,12,12,14,3,5,7,-1,2,1,2,0,3,2,2,2,0,0,2,1,1,2,1
63,2,41,2,5,2,0,1,1,0,16,12,12,0,12,12,1,19,2,2,0,2,2,2,1,1,1,1,2,1,1,2,1
64,2,64,2,2,8,1,1,1,0,13,8,8,0,0,12,5,-1,2,2,0,0,1,2,1,1,1,1,2,1,1,1,1
66,1,79,2,3,6,4,1,1,0,20,8,6,0,0,11,5,-1,1,1,0,0,1,3,1,1,1,1,2,1,1,2,2
67,1,34,1,1,8,3,1,1,0,14,16,0,16,12,12,1,1,1,2,7,2,3,2,2,2,0,0,2,4,4,1,2
69,2,32,2,5,1,0,1,1,0,19,16,16,0,12,12,1,1,2,2,0,2,1,2,1,1,1,1,2,1,1,2,1
73,2,28,3,1,2,0,2,2,0,16,14,0,16,0,12,7,-1,2,2,1,0,2,1,3,3,0,0,2,4,4,1,1
84,2,40,1,1,1,4,3,3,0,13,12,14,11,12,12,1,5,2,2,1,1,1,1,1,1,1,1,2,2,1,2,1
95,2,30,2,5,2,2,1,1,0,16,12,0,0,12,12,1,7,2,2,0,2,3,2,1,1,1,1,1,1,1,2,1
98,1,45,2,4,2,0,1,1,0,16,20,16,0,12,12,3,3,1,2,0,2,2,1,1,1,1,1,2,1,1,2,1
101,1,48,3,3,1,1,1,1,0,12,0,0,0,12,12,1,2,2,2,0,2,3,3,1,1,2,2,2,3,3,2,2
102,2,81,3,3,4,1,2,2,0,12,5,6,0,0,2,5,-1,1,2,0,0,4,3,1,2,1,0,2,4,4,1,1
106,1,60,1,5,4,0,1,1,0,14,9,12,0,12,12,1,14,2,2,0,2,2,2,1,1,2,2,2,1,1,2,2
120,1,32,1,5,5,0,2,2,0,13,18,0,0,12,12,1,1,2,2,0,2,2,2,1,1,1,2,2,3,3,2,1
122,2,61,1,1,3,2,2,2,0,12,9,12,12,12,12,1,23,2,2,1,1,2,2,2,2,0,0,1,4,1,2,1
125,1,69,1,5,2,0,1,1,0,16,12,10,0,12,12,2,12,2,2,0,2,2,2,1,1,1,1,2,2,2,2,1
132,2,41,1,1,1,1,3,2,0,20,14,16,20,0,12,7,-1,2,1,6,0,1,1,3,3,0,0,2,4,4,2,1
137,1,33,3,5,2,0,4,2,0,16,14,13,0,8,12,6,-1,2,2,0,0,3,2,2,2,0,0,2,4,4,2,1
140,2,25,1,5,4,0,4,2,0,15,0,0,0,9,12,1,3,1,2,0,1,2,2,2,2,0,0,2,2,3,2,1
149,1,28,1,5,3,0,2,2,0,14,12,14,0,0,12,6,-1,2,1,0,0,2,2,2,2,0,0,1,3,3,2,1
157,2,58,1,4,7,4,2,2,0,12,3,0,0,12,12,1,7,2,2,0,1,3,3,1,1,1,1,2,1,1,1,1
158,2,20,3,5,3,0,5,4,0,14,5,13,0,6,12,2,2,1,2,0,1,3,2,3,2,0,0,2,1,1,2,1
165,2,41,1,1,9,4,5,2,1,6,6,0,12,0,3,7,-1,0,0,1,0,2,2,2,2,0,0,2,2,3,2,1
170,1,36,1,1,2,3,2,2,0,13,12,0,13,12,12,1,11,2,2,4,2,2,2,1,2,1,0,2,4,3,2,1
180,1,52,1,5,5,1,1,1,0,14,11,0,0,0,9,7,-1,2,2,0,0,2,1,2,2,0,0,2,1,1,1,2
183,1,36,1,5,3,0,2,2,0,20,12,15,0,12,12,1,2,2,1,0,3,3,2,1,1,1,1,2,4,4,2,1
185,1,46,3,3,1,1,1,1,0,16,0,12,0,12,12,1,15,2,2,0,3,1,3,2,2,0,0,2,2,2,1,1
188,1,46,3,1,5,2,2,2,0,16,16,14,17,12,12,1,4,2,2,1,2,4,2,1,1,1,1,2,1,1,2,1
194,2,36,3,1,1,1,3,2,1,16,13,12,14,12,12,1,2,1,2,1,2,4,2,1,1,2,3,2,2,1,2,1
196,1,60,1,5,2,0,1,1,0,16,16,18,0,12,12,1,43,2,2,0,2,2,3,1,1,2,2,2,1,1,2,1
201,1,30,3,5,1,0,2,2,0,16,16,19,0,12,12,1,6,2,2,0,3,3,2,2,2,0,0,2,2,2,2,1
204,2,64,1,1,3,5,2,2,0,13,12,16,11,0,12,7,-1,2,2,1,0,3,2,2,2,0,0,1,1,1,2,2
207,1,47,1,1,3,3,2,2,0,12,12,16,14,12,12,1,25,2,2,1,2,3,2,2,2,0,0,1,4,4,2,2
216,2,30,1,1,5,2,5,3,1,15,0,0,10,10,12,2,4,2,2,1,2,2,2,1,1,1,1,2,4,2,2,2
219,2,44,3,4,5,5,3,2,0,12,0,0,0,0,9,7,-1,2,2,0,0,2,2,2,2,0,0,2,2,1,2,2
223,1,51,1,1,7,3,3,2,0,12,0,0,17,0,12,2,2,2,2,1,1,1,1,3,3,0,0,2,4,1,2,1
225,1,74,3,3,4,5,1,1,0,16,12,6,0,8,12,2,8,2,2,0,1,1,1,2,1,0,1,1,2,1,2,1
227,1,49,3,1,6,8,6,4,0,11,5,5,6,10,12,4,-1,2,2,1,0,2,1,2,2,0,0,2,1,1,1,2
234,2,33,1,1,3,0,2,2,0,12,14,0,12,0,12,7,-1,2,1,1,0,2,1,2,2,0,0,1,1,1,2,1
237,2,62,1,2,7,4,2,2,0,10,6,12,0,12,12,1,15,2,2,0,1,2,1,1,1,2,2,2,1,1,1,2
240,2,28,1,1,1,0,4,4,0,13,14,0,14,0,12,7,-1,2,2,1,0,1,2,1,1,1,1,1,3,3,2,2
244,2,30,1,1,4,3,5,2,2,13,4,0,12,12,12,1,9,2,2,3,1,2,2,1,2,1,0,1,3,2,2,1
255,1,88,2,3,1,6,1,1,0,10,12,0,0,0,9,5,-1,2,2,0,0,3,2,1,2,1,0,2,2,2,2,2
258,2,33,1,5,2,0,4,4,0,16,12,12,0,0,12,1,0.25,2,2,0,2,2,2,3,1,0,1,2,3,2,2,1
259,1,81,1,2,3,7,2,2,0,16,6,8,0,0,12,5,-1,2,1,0,0,2,2,1,1,1,3,2,2,2,2,2
261,2,69,1,1,4,3,2,2,0,16,12,16,16,0,12,5,-1,1,2,1,0,1,1,1,1,1,1,2,3,1,2,1
270,2,27,1,5,8,1,4,3,0,12,5,0,0,12,12,1,0.75,2,2,0,2,3,2,2,1,0,3,2,1,1,1,1
272,1,48,1,1,9,2,3,3,0,18,2,6,14,0,9,1,0.75,2,2,7,1,1,2,3,3,0,0,2,1,1,2,1
274,2,65,1,3,3,3,2,2,0,19,13,16,0,9,12,1,1,1,2,0,2,2,1,1,1,1,1,2,4,1,2,1
281,2,52,1,3,1,1,1,1,0,12,12,14,0,12,12,1,23,2,2,0,3,1,2,1,1,2,2,2,2,2,2,1
284,1,63,1,1,3,1,2,2,0,12,12,12,16,12,12,5,-1,2,2,5,0,2,2,1,1,2,2,2,2,2,2,1
288,2,39,1,5,0,1,3,2,1,15,13,0,0,12,12,1,4,2,2,0,2,2,2,1,1,1,1,2,2,2,2,1
290,2,83,1,2,1,4,1,1,0,12,10,0,0,0,11,5,-1,2,2,0,0,3,2,1,1,1,1,2,1,1,1,1
294,1,50,1,3,3,2,2,2,0,12,12,12,0,12,12,1,20,2,2,0,3,3,2,1,1,2,2,1,2,2,2,1
296,2,45,1,1,4,3,3,3,0,16,11,12,12,12,12,1,15,2,2,1,2,2,2,1,1,1,1,1,3,3,2,1
306,1,34,3,4,2,2,2,2,0,12,0,8,0,12,12,1,2,2,1,0,2,3,1,2,2,0,0,2,4,3,2,1
311,1,77,1,3,2,3,1,1,0,14,12,14,0,0,12,5,-1,2,2,0,0,2,2,1,1,1,2,1,1,1,2,1
312,1,29,3,5,0,3,1,1,0,16,16,16,0,12,12,1,3,2,2,0,3,3,2,1,1,1,1,2,2,2,2,1
315,1,65,1,3,1,0,1,1,0,13,12,12,0,12,12,1,45,2,2,0,2,1,3,1,1,1,1,2,4,4,2,1
317,1,76,1,1,1,8,2,2,0,19,12,17,16,0,12,5,-1,2,2,5,0,1,1,1,1,2,4,2,1,1,2,1
322,1,53,2,1,3,3,3,3,0,12,12,0,12,8,12,2,2,2,2,1,2,2,1,1,1,1,1,2,2,1,2,2
327,1,86,2,4,3,8,1,1,0,12,0,0,0,0,11,5,-1,2,2,0,0,4,3,1,1,1,1,2,4,4,1,1
335,1,70,1,1,0,2,2,2,0,18,12,14,19,12,12,5,-1,1,2,5,0,1,1,2,1,0,2,1,1,1,2,2
336,1,71,1,1,7,2,2,2,0,12,10,5,12,0,12,5,-1,2,2,2,0,2,2,1,2,2,0,1,3,2,2,1
345,2,28,2,1,6,3,2,2,0,14,16,16,14,12,12,6,-1,2,2,1,0,1,1,1,1,1,1,2,1,1,1,2
348,2,67,1,2,3,3,1,1,0,12,7,5,0,0,10,5,-1,2,2,0,0,4,2,1,1,1,1,2,1,1,1,2
349,2,53,2,5,3,0,1,1,0,12,15,0,0,0,10,6,-1,2,2,0,0,3,3,2,2,0,0,2,1,1,2,1
352,2,35,2,1,6,8,1,1,0,12,11,0,12,9,11,8,-1,2,2,1,0,2,2,1,1,1,1,2,2,2,2,2
354,1,68,3,1,1,1,2,2,0,16,15,17,15,12,12,5,-1,2,2,5,0,3,2,1,1,1,1,2,4,4,2,1
359,1,52,1,5,8,1,1,1,0,14,10,12,0,12,12,1,25,2,1,0,2,1,2,1,1,2,2,1,3,2,2,2
364,2,40,1,4,2,3,1,1,0,16,12,0,0,12,12,1,5,2,2,0,1,1,1,1,1,2,2,2,1,1,2,1
367,2,70,1,5,1,0,1,1,0,16,14,14,0,12,12,1,24,2,2,0,1,1,1,1,1,1,1,2,4,4,2,1
375,1,45,1,4,5,2,1,1,0,16,16,14,0,12,12,1,1,1,2,0,1,1,2,1,1,2,2,1,4,3,2,1
379,2,78,1,2,3,3,1,1,0,16,12,15,0,0,12,7,-1,2,2,0,0,2,2,1,1,2,2,1,3,3,2,1
383,2,75,1,2,4,3,1,1,0,19,16,0,0,0,12,5,-1,1,2,0,0,2,1,1,1,1,1,2,1,1,2,1
386,2,41,1,5,2,0,1,1,0,16,17,16,0,12,12,1,1,2,2,0,2,1,2,1,1,1,1,2,4,4,2,1
395,1,34,1,1,5,0,1,1,0,0,12,12,18,12,12,1,3,2,2,1,1,2,3,1,1,1,1,2,3,3,2,1
405,2,29,1,5,2,4,6,2,2,12,0,12,0,0,12,7,-1,2,2,0,0,2,2,2,2,0,0,2,2,2,2,1
407,2,36,1,5,2,4,4,1,1,11,9,11,0,0,10,4,-1,2,2,0,0,1,2,3,1,0,1,2,1,1,2,1
410,1,53,1,1,3,3,3,3,0,13,14,8,14,12,12,1,3,1,2,1,4,3,1,1,1,2,2,1,1,1,2,1
420,2,49,1,3,1,2,1,1,0,16,12,12,0,12,12,3,1,1,2,0,2,2,3,1,2,2,0,2,2,2,2,1
430,2,42,3,1,7,3,3,3,0,12,12,0,12,12,12,1,5,2,1,1,1,3,1,2,2,0,0,2,1,1,2,1
444,2,48,3,1,1,5,7,4,0,12,12,3,14,0,12,7,-1,2,2,1,0,1,1,1,1,1,1,2,1,1,1,1
448,2,34,2,5,3,0,1,1,0,16,14,0,0,12,12,1,8,2,2,0,2,2,2,1,1,1,1,2,3,2,2,1
451,1,46,2,5,6,4,4,3,0,12,14,0,0,12,12,1,2,1,2,0,2,1,2,1,1,1,1,2,1,1,1,1
455,2,46,2,3,0,3,3,2,1,18,16,0,0,12,12,1,23,1,2,0,2,1,2,1,1,1,1,2,1,1,2,1
456,1,19,3,5,1,0,4,4,0,13,12,7,0,0,12,6,-1,0,0,0,0,2,1,3,3,0,0,2,1,1,2,2
471,2,66,1,3,1,3,1,1,0,18,15,16,0,0,12,5,-1,1,2,0,0,2,3,1,1,1,1,2,4,3,2,1
473,2,70,1,1,4,2,2,2,0,16,16,16,16,0,12,5,-1,2,2,5,0,2,2,1,1,1,1,1,3,2,2,2
479,2,70,1,1,3,3,3,3,0,12,7,7,16,0,12,5,-1,2,2,1,0,1,3,1,1,2,2,1,1,1,2,1
487,2,44,2,5,3,6,5,2,0,16,12,12,0,12,12,2,22,2,2,0,1,1,2,1,1,1,1,2,1,1,2,2
496,2,35,2,5,3,2,3,2,0,11,12,0,0,0,10,1,0.25,2,2,0,1,3,2,1,2,1,0,2,1,1,2,1
508,2,29,3,1,1,0,2,2,0,16,16,16,16,12,12,1,1,2,2,1,1,3,1,2,1,0,1,2,1,1,1,1
513,1,50,1,1,25,2,3,2,0,16,4,12,16,0,12,4,-1,2,2,7,0,2,2,2,2,0,0,2,4,4,2,2
514,1,54,1,1,2,2,2,2,0,17,14,17,18,12,12,1,2,2,2,7,2,2,2,1,1,1,1,1,4,3,2,1
524,1,45,1,5,0,0,1,1,0,14,0,12,0,9,10,2,2,2,2,0,3,3,2,2,2,0,0,1,1,1,2,1
529,2,61,1,1,4,2,3,2,0,12,12,16,11,0,12,7,-1,2,2,1,0,2,2,2,2,0,0,1,1,1,2,2
531,2,26,2,5,4,0,1,1,0,12,12,0,0,2,3,1,5,1,2,0,1,3,2,2,1,0,1,2,1,1,1,2
543,1,47,2,5,1,0,1,1,0,16,14,16,0,12,12,1,21,2,2,0,1,2,1,1,1,1,1,1,1,1,2,1
548,1,70,2,5,10,2,1,1,0,11,0,12,0,0,10,5,-1,2,2,0,0,3,2,2,2,0,0,1,1,1,1,2
549,2,78,2,2,4,4,1,1,0,12,3,3,0,0,1,7,-1,1,2,0,0,3,2,1,1,1,1,2,1,1,2,2
550,2,74,1,3,3,2,1,1,0,20,14,15,0,0,12,5,-1,1,2,0,0,1,1,1,1,1,4,2,3,2,2,1
551,1,65,1,1,4,2,2,2,0,16,16,14,16,11,12,2,10,2,2,3,2,1,1,1,2,2,0,1,1,1,2,1
553,2,53,1,1,4,2,3,2,0,16,12,12,16,12,12,1,23,2,2,1,2,2,2,1,1,2,2,2,3,1,2,2
556,2,62,1,1,7,4,2,2,0,14,9,10,12,9,12,2,6,2,2,5,1,2,1,1,1,2,2,2,1,1,2,1
564,1,39,3,1,4,2,4,2,1,16,17,17,15,12,12,1,2,2,2,7,1,2,1,3,3,0,0,2,1,1,2,1
568,1,66,1,3,3,2,2,2,0,20,12,13,0,0,12,5,-1,2,2,0,0,1,1,1,1,1,1,2,4,4,2,1
576,2,40,2,3,13,6,2,2,0,12,12,0,0,3,10,2,2,2,2,0,1,3,2,2,1,0,1,2,1,1,2,1
580,1,63,1,3,2,1,1,1,0,12,12,16,0,0,10,5,-1,2,2,0,0,3,3,1,1,1,2,1,3,3,2,1
582,1,25,1,5,0,0,2,2,0,12,12,0,0,0,9,2,0.25,2,2,0,2,2,2,2,2,0,0,2,4,4,2,1
589,2,48,2,3,7,3,3,1,0,18,16,0,0,12,12,1,5,2,2,0,2,2,2,1,1,1,1,2,1,1,2,1
597,1,26,3,5,3,1,4,4,0,12,0,0,0,12,12,1,0.25,2,2,0,1,1,2,2,2,0,0,1,4,1,2,2
601,2,30,1,1,1,1,4,2,1,11,9,0,14,0,12,7,-1,2,2,1,0,4,2,1,1,1,4,2,3,3,2,1
604,1,20,1,5,2,0,4,4,0,12,12,14,0,1,8,6,-1,2,2,0,0,2,2,3,2,0,0,1,1,1,2,1
606,1,40,3,5,3,2,2,2,0,12,16,16,0,3,12,7,-1,2,2,0,0,4,2,2,2,0,0,2,1,1,2,1
608,2,39,1,1,1,3,4,1,1,14,14,0,16,10,12,1,4,2,2,1,1,2,1,3,3,0,0,2,1,1,2,1
611,1,51,3,1,4,6,3,3,0,5,2,3,5,0,10,1,12,2,2,7,1,2,3,2,2,0,0,2,3,3,2,2
613,1,40,3,3,4,2,2,2,0,10,7,0,0,12,12,1,0.75,2,2,0,1,2,2,2,2,0,0,1,1,1,2,1
622,2,39,2,3,9,3,5,3,1,12,14,16,0,10,12,2,2,2,2,0,2,1,2,1,1,1,1,2,1,1,2,1
624,1,34,3,1,1,2,4,2,0,14,18,0,14,12,12,1,3,2,2,1,1,3,1,2,2,0,0,2,1,1,2,1
629,1,77,1,4,2,1,1,1,0,16,12,16,0,0,12,5,-1,2,2,0,0,2,2,1,1,2,2,2,2,2,2,1
638,1,47,2,1,15,6,6,2,3,12,16,0,12,9,9,4,-1,2,2,7,0,2,1,1,1,1,1,1,1,1,2,1
641,1,53,1,1,1,1,3,2,0,16,12,18,16,12,12,3,19,1,2,1,1,2,1,1,1,3,3,1,3,3,2,1
650,1,46,3,5,6,0,1,1,0,3,0,0,0,11,11,4,-1,2,1,0,0,3,3,2,2,0,0,2,1,1,2,2
652,2,22,3,5,4,2,2,1,1,12,16,0,0,4,4,2,2,1,2,0,2,2,2,3,2,0,0,2,1,1,2,2
653,2,29,2,5,4,0,2,2,0,19,15,14,0,12,12,1,0.25,2,2,0,2,2,1,1,1,1,1,2,3,3,2,2
660,1,51,2,3,2,2,2,2,0,14,14,12,0,12,12,1,10,2,2,0,2,2,2,1,1,1,1,2,1,1,2,2
662,1,33,2,5,2,0,1,1,0,13,14,0,0,0,12,1,0.25,2,2,0,1,1,2,2,1,0,1,2,2,2,2,1
664,2,26,3,1,3,1,4,4,0,15,3,3,15,11,12,2,3,2,2,1,1,2,2,2,1,0,2,1,1,1,2,1
665,1,68,2,1,4,2,2,2,0,16,14,0,15,12,12,1,26,2,2,1,2,1,1,1,1,1,1,1,3,2,1,2
674,2,21,1,5,1,0,2,2,0,15,14,14,0,4,4,4,-1,2,2,0,0,1,2,3,2,0,0,2,4,4,2,1
675,2,38,1,1,3,2,4,2,0,14,12,15,12,9,12,2,4,1,2,1,2,2,1,1,1,2,2,1,1,1,2,1
677,1,50,2,3,3,3,2,2,0,14,12,6,0,12,12,1,7,1,2,0,1,2,2,1,1,1,1,1,1,1,2,1
680,2,28,2,3,11,0,3,3,0,15,16,0,0,0,12,6,-1,0,0,0,0,3,3,1,1,1,4,2,1,1,2,1
683,2,58,2,1,13,2,4,3,0,16,12,12,13,12,12,1,20,1,2,5,2,2,2,1,1,1,1,1,2,2,2,1
690,1,82,2,2,7,0,1,1,0,12,0,3,0,0,2,5,-1,2,2,0,0,3,1,1,1,1,1,1,1,1,2,2
693,2,43,2,3,5,0,1,1,0,15,9,0,0,12,12,2,0.25,2,2,0,2,2,2,3,3,0,0,2,1,1,1,1
694,2,75,2,2,2,2,1,1,0,12,0,0,0,0,12,7,-1,0,0,0,0,3,2,1,2,1,0,2,2,2,2,1
706,2,56,1,3,4,1,1,1,0,12,0,12,0,12,12,1,14,2,2,0,1,2,3,2,2,0,0,2,3,1,2,1
708,1,33,1,5,1,0,1,1,0,12,12,0,0,12,12,1,5,2,2,0,2,1,1,2,2,0,0,2,1,1,2,2
710,2,89,1,2,6,4,1,1,0,12,12,12,0,0,12,5,-1,2,2,0,0,2,2,1,1,1,1,2,3,3,2,2
711,1,19,1,5,4,0,1,1,0,9,3,6,0,0,9,2,1,2,2,0,2,3,3,3,3,0,0,2,1,1,2,1
713,2,28,1,3,1,0,1,1,0,18,12,18,0,12,12,1,0.75,2,2,0,1,1,1,2,2,0,0,2,1,1,2,1
720,1,46,1,1,2,2,2,2,0,18,16,19,18,12,12,1,19,1,2,1,2,1,1,1,1,1,1,2,2,2,2,1
725,2,54,2,5,11,1,1,1,0,12,0,0,0,0,7,7,-1,1,2,0,0,3,2,1,1,1,1,2,1,1,1,1
728,1,25,2,5,2,0,4,2,1,14,14,0,0,5,11,2,0.75,2,2,0,2,2,2,1,1,1,1,1,1,1,2,1
731,2,28,2,1,5,1,2,2,0,14,12,0,13,12,12,1,2,2,2,1,1,1,1,2,2,0,0,2,1,1,2,2
734,1,50,1,1,6,2,2,2,0,10,0,12,14,12,12,1,26,2,2,1,3,2,2,2,2,0,0,1,2,2,2,1
735,2,20,1,5,1,0,4,4,0,16,12,18,0,7,12,1,2,1,2,0,1,2,1,3,1,0,1,1,2,1,2,1
746,2,57,2,1,2,3,1,1,0,14,9,0,17,12,12,1,16,2,2,8,2,2,2,1,1,1,1,1,1,1,2,1
750,2,37,2,5,2,2,1,1,0,13,12,12,0,0,12,3,5,2,2,0,3,4,1,1,1,1,1,2,1,1,1,2
755,1,27,1,5,2,0,1,1,0,18,12,20,0,12,12,1,2,2,2,0,1,1,1,1,1,1,3,2,3,3,2,1
757,1,54,1,1,2,0,2,2,0,20,14,12,18,12,12,1,6,2,2,2,1,2,1,1,1,1,1,2,2,2,2,1
759,2,89,1,2,4,3,1,1,0,18,8,8,0,0,12,5,-1,1,2,0,0,3,1,1,1,1,1,2,1,1,2,1
767,2,77,1,2,6,3,1,1,0,17,12,14,0,0,12,5,-1,2,2,0,0,2,2,1,1,1,3,2,1,1,2,2
772,2,89,1,3,2,2,2,2,0,16,8,12,0,0,12,5,-1,2,2,0,0,2,2,1,2,2,0,2,3,1,2,1
777,1,73,1,1,1,0,2,2,0,14,12,11,16,0,12,5,-1,1,1,1,0,1,1,1,1,1,1,1,4,4,2,1
786,2,46,1,1,2,0,2,2,0,15,14,0,14,12,12,3,28,2,2,1,2,1,1,1,1,2,2,1,1,1,2,1
788,2,23,3,5,1,0,2,2,0,8,8,8,0,9,12,2,4,2,2,0,2,1,2,3,2,0,0,2,1,1,2,2
789,1,48,1,1,1,2,4,2,0,12,12,10,10,12,12,1,4,2,2,1,2,2,2,1,2,1,0,1,4,4,2,1
793,2,28,1,5,3,3,4,1,0,12,12,0,0,12,12,1,5,2,2,0,1,3,2,2,2,0,0,2,4,3,2,1
800,1,73,1,5,6,0,1,1,0,15,10,6,0,0,12,5,-1,1,2,0,0,2,2,1,1,1,1,2,2,1,2,2
803,2,22,3,5,3,0,4,4,0,12,0,0,0,5,11,2,0.75,2,2,0,2,2,1,3,3,0,0,2,1,1,2,1
805,1,48,3,1,4,0,2,2,0,7,0,0,12,11,12,1,0.75,2,1,1,1,4,2,2,2,0,0,2,1,1,2,2
817,1,63,1,5,5,0,1,1,0,12,12,12,0,0,9,4,-1,2,2,0,0,2,2,1,1,2,2,2,1,1,2,2
841,2,47,3,1,9,4,5,3,0,9,3,2,9,5,12,2,2,2,2,1,2,3,1,2,2,0,0,2,1,1,2,1
846,2,18,1,5,1,0,2,2,0,12,16,0,0,0,12,7,-1,0,0,0,0,1,1,3,3,0,0,2,2,1,2,1
855,1,57,1,5,2,0,1,1,0,14,0,0,0,12,12,1,18,2,2,0,2,2,3,1,1,1,1,2,3,3,2,1
857,1,63,1,1,6,6,5,5,0,16,12,12,14,0,12,5,-1,2,2,5,0,2,3,2,1,0,2,2,2,1,2,1
866,2,27,1,1,1,1,5,4,1,12,12,14,13,2,12,7,-1,2,2,1,0,2,2,2,1,0,2,1,1,1,2,1
870,2,29,1,1,6,2,4,2,2,15,14,0,12,9,12,7,-1,2,2,1,0,3,2,1,1,1,1,2,2,2,1,1
874,1,78,1,1,0,3,2,2,0,16,16,0,14,0,12,5,-1,2,2,5,0,1,1,1,1,1,1,2,2,2,2,1
877,1,45,1,1,4,2,4,2,0,16,14,16,13,12,12,1,16,1,2,1,2,1,2,1,1,2,2,2,1,1,2,1
880,2,49,1,1,1,0,2,2,0,17,12,18,17,12,12,1,10,1,2,2,1,1,1,1,1,1,1,1,1,1,2,2
883,2,25,1,5,2,1,3,2,1,14,0,12,0,0,11,1,0.75,1,2,0,1,4,3,1,2,1,0,2,1,1,2,1
885,2,48,1,1,6,3,5,2,0,16,16,16,13,12,12,2,10,1,2,1,2,1,2,1,1,2,2,1,3,2,2,2
888,2,84,1,2,5,2,1,1,0,12,0,8,0,0,11,7,-1,2,2,0,0,2,2,1,2,1,0,2,1,1,2,1
892,2,63,1,3,2,0,2,2,0,16,12,13,0,12,12,1,4,2,2,0,1,2,2,1,1,1,1,2,2,2,2,2
896,1,56,2,3,4,2,1,1,0,13,0,0,0,12,12,1,4,2,2,0,1,2,2,1,2,1,0,2,3,3,2,2
897,1,27,2,5,3,0,2,2,0,16,16,16,0,12,12,6,-1,2,2,0,0,1,2,1,1,1,1,2,1,1,2,1
900,1,44,1,3,3,2,2,2,0,12,16,0,0,12,12,1,22,2,2,0,2,2,2,1,1,1,1,2,2,2,2,1
905,2,42,2,5,5,3,2,2,0,13,0,12,0,3,9,8,-1,1,2,0,0,3,1,1,1,1,1,2,1,1,2,1
912,1,69,2,2,14,2,1,1,0,14,0,12,0,11,11,5,-1,2,2,0,0,4,2,1,2,1,0,2,1,1,2,1
916,2,32,1,1,2,1,3,2,1,14,12,12,16,12,12,1,7,2,2,1,2,2,2,1,1,1,1,1,2,2,2,2
925,1,58,1,2,2,2,2,2,0,16,12,12,0,12,12,1,20,2,2,0,2,2,2,1,1,1,1,1,2,2,2,1
930,1,68,1,3,5,1,1,1,0,14,8,8,0,0,8,5,-1,2,1,0,0,2,2,1,1,1,1,2,4,1,2,2
933,1,70,1,1,1,2,2,2,0,19,16,12,20,0,12,5,-1,2,2,5,0,2,3,1,1,2,2,1,3,3,2,1
937,1,39,1,1,1,2,4,2,0,17,14,0,16,12,12,1,6,2,2,6,2,1,1,1,1,3,3,2,3,1,2,1
939,2,19,1,5,3,0,3,2,0,13,16,20,0,2,12,2,2,2,2,0,1,1,1,3,3,0,0,2,1,1,2,1
947,2,46,1,1,3,2,3,2,0,18,12,0,18,0,12,7,-1,1,2,1,0,2,2,1,1,2,2,2,1,1,2,1
955,2,77,1,3,2,3,1,1,0,12,3,12,0,0,9,5,-1,2,2,0,0,2,2,1,1,2,2,2,1,1,1,2
961,1,38,1,1,1,2,1,1,0,14,18,13,18,12,12,1,0.25,2,2,1,3,3,3,3,3,0,0,2,1,1,2,1
966,1,45,1,1,2,1,3,3,0,14,12,16,14,0,12,1,0.25,2,2,7,2,2,2,1,1,1,2,1,1,1,2,2
968,1,40,2,5,5,0,1,1,0,14,12,12,0,12,12,1,12,2,2,0,2,2,2,1,1,1,1,2,1,1,1,2
975,1,34,1,5,3,2,1,1,0,12,16,12,0,12,12,1,3,2,2,0,2,2,2,2,2,0,0,2,1,1,2,1
979,1,43,1,5,1,0,1,1,0,18,12,14,0,0,9,4,-1,2,2,0,0,2,2,1,1,1,2,1,3,2,2,1
982,2,43,1,1,1,2,3,3,0,16,14,13,20,12,12,1,10,1,2,1,2,2,2,1,1,1,1,2,3,2,2,1
984,1,77,3,5,2,2,2,2,0,13,4,2,0,0,5,5,-1,2,2,0,0,1,1,1,1,1,1,2,1,1,1,1
987,1,25,1,5,2,0,2,2,0,17,16,16,0,5,12,1,2,2,2,0,2,1,1,2,1,0,1,2,4,4,2,1
993,1,34,1,5,1,0,3,3,0,16,13,0,0,7,12,4,-1,2,2,0,0,3,2,1,1,1,1,2,4,4,2,1
1000,2,24,1,5,1,0,2,2,0,12,12,12,0,12,12,1,3,2,2,0,2,2,2,3,1,0,2,2,3,3,2,1
1011,2,39,1,2,3,2,2,1,0,14,12,12,0,10,12,2,9,2,2,0,1,3,3,1,2,1,0,2,4,2,2,1
1014,2,51,1,1,5,2,3,3,0,16,12,12,18,12,12,1,2,2,2,3,2,1,2,1,1,2,2,2,1,1,2,1
1019,1,30,3,1,2,2,4,2,2,13,12,16,13,12,12,1,8,2,2,7,1,3,1,3,2,0,0,2,1,1,2,1
1035,1,51,1,5,1,0,2,2,0,15,12,12,0,2,9,1,0.75,2,2,0,1,2,2,2,2,0,0,2,1,1,1,1
1040,2,37,1,1,1,2,4,2,1,18,17,0,17,12,12,1,12,2,2,1,1,2,1,1,2,1,0,1,2,2,2,1
1042,2,70,2,1,4,3,2,2,0,14,2,8,16,0,12,5,-1,2,2,5,0,2,1,1,1,1,1,2,1,1,2,1
1043,1,43,3,1,2,2,5,3,0,20,15,20,20,12,12,1,15,2,2,1,1,1,2,3,1,0,1,2,3,3,2,2
1045,2,42,3,5,4,3,3,1,0,17,14,11,0,12,12,2,2,2,2,0,2,2,2,1,1,1,1,2,2,2,2,2
1051,1,68,2,4,13,8,1,1,0,10,8,2,0,0,9,5,-1,2,2,0,0,3,2,1,1,1,1,1,1,1,2,1
1059,1,29,1,1,2,0,3,3,0,13,16,13,12,0,11,2,0.25,2,2,1,2,2,2,1,1,2,3,1,3,1,2,1
1061,1,65,1,3,1,0,1,1,0,12,12,8,0,9,12,2,13,2,2,0,2,2,2,1,1,2,2,2,1,1,2,1
1063,2,32,1,1,3,3,5,2,2,14,11,0,14,0,12,7,-1,2,2,1,0,1,1,1,1,1,2,1,1,1,2,1
1065,1,58,3,1,4,7,4,3,0,12,0,2,0,11,11,1,2,2,2,1,1,3,1,2,2,0,0,2,2,2,2,1
1069,2,53,3,2,4,3,1,1,0,13,12,8,0,12,12,1,3,2,2,0,2,2,2,1,1,2,2,1,1,1,1,1
1074,2,65,2,2,6,1,1,1,0,13,10,12,0,1,10,2,3,1,2,0,1,2,2,1,1,1,1,2,1,1,2,1
1078,2,49,1,1,1,2,2,2,0,16,12,12,16,12,12,1,1,2,2,1,2,1,1,1,1,1,1,1,2,2,2,1
1080,1,72,1,1,5,3,2,2,0,14,0,8,12,0,12,5,-1,1,2,5,0,2,3,1,1,1,1,1,1,1,1,1
1082,1,24,1,5,2,0,1,1,0,13,16,0,0,12,12,1,1,2,2,0,2,2,2,2,1,0,3,2,3,3,2,2
1091,1,61,1,1,4,2,3,3,0,16,12,17,16,12,12,1,2,2,2,7,1,2,1,1,1,2,2,2,1,1,2,1
1094,1,71,1,3,2,2,2,2,0,16,12,18,0,0,12,5,-1,2,2,0,0,3,2,1,1,2,1,1,3,2,2,1
1098,1,29,1,5,1,0,1,1,0,17,18,20,0,12,12,1,0.75,2,2,0,2,2,2,1,1,1,1,2,4,4,2,1
1101,1,30,1,5,5,0,3,3,0,9,0,0,0,5,12,4,-1,2,2,0,0,3,3,2,2,0,0,2,1,2,2,1
1104,1,19,1,5,3,0,2,2,0,12,12,0,0,0,11,2,0.75,1,2,0,1,4,3,3,3,0,0,2,4,4,2,1
1107,1,50,2,1,6,1,2,2,0,13,12,0,12,12,12,1,27,2,2,1,1,2,2,1,1,1,1,1,1,1,1,1
1109,1,65,1,3,1,2,1,1,0,18,12,18,0,0,12,5,-1,2,2,0,0,2,2,1,1,1,1,1,2,2,2,1
1111,2,57,1,1,7,5,4,4,0,12,13,12,11,12,12,1,5,2,2,1,2,2,2,1,1,1,1,1,4,4,2,1
1115,1,41,1,1,3,0,3,2,0,12,12,12,15,1,12,2,0.25,2,2,1,1,2,1,2,2,0,0,2,4,4,2,1
1117,2,32,2,5,10,1,2,2,0,15,12,0,0,11,12,3,4,2,2,0,2,2,2,1,1,1,3,1,1,1,2,1
1119,2,30,2,5,6,1,2,1,1,12,12,15,0,12,12,1,3,2,2,0,2,2,2,1,1,1,1,2,4,4,2,1
1122,2,22,3,5,7,1,3,2,1,12,16,0,0,6,12,1,0.75,2,2,0,1,2,2,3,2,0,0,2,1,1,2,1
1123,1,31,1,5,7,0,1,1,0,16,12,0,0,12,12,1,1,2,2,0,2,2,2,1,1,1,1,2,4,4,2,2
1125,1,21,1,5,1,0,2,2,0,15,16,16,0,4,10,2,3,2,2,0,2,2,2,3,1,0,2,2,4,4,2,1
1130,1,22,1,5,3,0,1,1,0,16,15,16,0,12,12,6,-1,2,2,0,0,2,2,3,1,0,2,1,2,2,1,1
1136,2,86,1,2,4,1,1,1,0,12,0,0,0,0,12,5,-1,1,2,0,0,2,1,1,1,1,2,2,1,1,2,2
1143,1,33,1,5,3,0,1,1,0,12,16,0,0,11,11,1,3,2,2,0,3,2,2,1,1,1,3,2,3,3,2,1
1148,2,29,3,5,3,0,4,3,0,12,7,7,0,0,11,1,0.25,2,2,0,1,1,2,3,3,0,0,1,1,1,1,1
1154,1,50,2,1,5,8,3,3,0,12,12,12,12,11,11,1,5,2,2,1,1,3,1,1,1,1,1,2,1,1,2,1
1156,2,41,3,3,11,3,2,2,0,16,4,3,0,12,12,1,13,2,1,0,2,2,1,1,1,1,1,1,3,1,2,1
1159,2,87,2,3,1,5,1,1,0,12,12,8,0,0,12,5,-1,2,2,0,0,3,2,1,1,1,1,2,1,1,1,1
1171,1,86,1,2,0,3,1,1,0,16,12,12,0,12,12,2,43,2,2,0,1,2,1,1,1,2,2,2,2,2,2,1
1173,1,47,1,3,4,1,2,2,0,12,0,0,0,1,12,4,-1,2,2,0,0,4,3,2,2,0,0,2,1,1,2,1
1178,2,65,1,2,3,2,2,2,0,12,12,12,0,0,12,5,-1,2,2,0,0,3,2,1,1,1,3,2,3,3,2,1
1182,1,37,1,5,0,0,1,1,0,13,12,11,0,12,12,2,17,2,2,0,3,4,3,1,1,2,2,2,2,2,2,2
1185,2,49,1,1,1,2,4,3,0,16,16,16,16,0,12,7,-1,2,2,1,0,1,1,1,2,2,0,2,2,1,2,1
1190,2,46,1,1,5,2,4,2,0,16,12,16,13,12,12,1,16,2,2,1,2,2,2,1,1,2,2,1,1,1,2,1
1204,2,34,1,1,2,1,3,2,1,16,16,12,12,12,12,3,7,1,2,1,2,2,1,1,1,2,3,1,1,1,2,1
1209,1,69,1,3,0,2,1,1,0,12,12,12,0,0,9,6,-1,2,2,0,0,3,2,2,2,0,0,1,1,1,2,1
1211,1,52,1,3,5,2,1,1,0,13,0,0,0,0,1,7,-1,1,2,0,0,2,2,2,2,0,0,2,1,1,2,1
1213,1,52,1,5,2,0,1,1,0,12,12,0,0,12,12,1,5,2,2,0,1,3,2,1,1,2,1,2,4,4,2,1
1228,2,25,1,5,7,0,3,3,0,13,13,12,0,12,12,1,3,2,2,0,2,2,1,2,3,0,0,1,1,1,2,2
1232,2,34,2,5,7,3,4,1,0,12,12,14,0,0,12,1,0.25,2,2,0,2,2,2,1,1,1,1,1,1,1,2,1
1234,1,35,1,5,1,0,3,3,0,16,16,12,0,11,12,1,4,2,2,0,3,3,3,1,1,1,3,2,3,3,2,1
1237,1,21,1,5,3,0,2,2,0,14,16,16,0,0,12,4,-1,2,2,0,0,1,2,3,2,0,0,2,3,2,2,1
1242,2,80,1,2,2,0,1,1,0,18,5,12,0,0,12,5,-1,1,2,0,0,1,2,1,1,1,1,2,2,2,2,1
1245,2,44,1,3,2,2,3,3,0,12,14,12,0,9,12,1,0.75,2,2,0,1,3,2,1,1,1,2,2,3,1,2,2
1251,1,43,3,5,5,0,1,1,0,13,14,0,0,0,12,1,0.25,2,2,0,3,3,2,1,1,2,2,2,4,4,2,1
1254,2,53,1,1,8,2,3,2,0,12,18,12,12,11,12,2,3,2,1,1,1,2,2,2,2,0,0,2,4,2,2,1
1257,2,18,1,5,5,0,4,4,0,12,11,8,0,0,12,6,-1,0,0,0,0,2,2,3,3,0,0,2,1,1,2,1
1258,1,64,1,2,8,2,1,1,0,12,5,12,0,12,12,1,17,1,2,0,1,2,2,2,2,0,0,2,4,1,2,2
1261,2,31,1,5,1,0,1,1,0,16,16,16,0,12,12,1,9,2,2,0,2,1,1,1,1,1,1,2,4,2,2,1
1267,2,60,1,3,3,4,1,1,0,15,14,8,0,12,12,1,10,1,2,0,3,2,3,2,2,0,0,2,4,2,2,1
1269,2,41,3,5,4,1,2,1,1,14,12,0,0,12,12,1,8,2,2,0,1,2,2,1,1,1,1,2,1,1,1,1
1275,1,24,1,5,2,0,1,1,0,16,14,14,0,12,12,1,2,2,2,0,2,1,2,1,1,1,1,2,4,4,2,1
1277,2,39,3,2,3,3,4,1,0,3,4,4,0,3,11,1,0.75,2,2,0,1,2,1,3,3,0,0,2,1,1,2,1
1280,2,31,1,5,16,4,5,2,0,12,0,0,0,0,4,1,0.25,2,2,0,1,2,2,2,2,0,0,2,4,4,2,1
1283,2,39,1,1,2,2,4,2,0,16,16,17,17,12,12,1,0.25,2,2,1,1,1,1,3,3,0,0,1,2,2,2,1
1296,1,41,1,5,4,3,1,1,0,9,0,0,0,0,2,7,-1,2,2,0,0,2,3,2,2,0,0,2,1,1,2,1
1302,2,30,1,1,1,1,3,2,0,15,12,0,18,12,12,4,-1,2,2,1,0,1,3,1,1,1,1,1,4,3,2,1
1306,2,67,1,5,2,0,1,1,0,18,18,20,0,0,12,5,-1,2,2,0,0,1,1,1,1,1,1,2,3,1,2,1
1311,1,41,2,3,6,3,1,1,0,13,12,12,0,12,12,2,3,2,2,0,2,1,2,2,2,0,0,2,3,2,1,1
1312,2,67,2,5,8,3,1,1,0,8,10,10,0,9,10,2,16,1,2,0,1,4,2,1,2,1,0,2,3,2,1,1
1320,2,47,1,1,2,0,3,2,1,16,13,16,12,9,12,3,4,2,2,2,2,2,2,1,1,2,2,1,1,1,2,1
1326,2,89,2,2,7,7,3,3,0,10,0,0,0,0,7,5,-1,2,2,0,0,2,2,2,2,0,0,2,1,1,2,1
1327,2,76,1,1,7,2,2,2,0,12,6,6,12,0,12,5,-1,2,2,5,0,3,2,1,1,1,1,1,1,1,2,2
1329,2,77,1,1,3,3,2,2,0,12,12,12,10,0,12,7,-1,2,1,7,0,2,1,1,1,2,2,1,1,1,2,1
1333,2,71,1,1,7,0,2,2,0,12,10,9,12,0,12,5,-1,2,2,5,0,3,2,1,1,2,2,1,1,1,2,1
1338,1,49,1,3,2,3,2,1,0,16,16,16,0,12,12,1,26,1,2,0,1,1,1,1,1,1,1,2,2,2,2,1
1343,1,57,1,3,1,1,1,1,0,14,12,6,0,11,11,1,30,2,1,0,2,1,2,1,1,2,2,1,2,2,2,1
1345,2,47,1,3,0,1,3,3,0,13,12,12,0,0,12,2,0.75,1,2,0,1,2,1,2,2,0,0,2,4,1,1,2
1352,2,49,1,1,4,2,2,2,0,15,14,16,14,12,12,1,1,2,2,1,1,2,1,2,1,0,2,1,1,1,2,1
1354,1,29,1,1,3,2,4,2,2,12,14,0,16,12,12,1,3,2,2,7,3,3,2,1,2,1,0,2,2,2,1,2
1356,2,29,3,5,1,0,2,1,0,20,17,15,0,0,11,6,-1,0,0,0,0,3,2,3,3,0,0,2,4,4,2,1
1361,1,21,1,5,2,0,4,4,0,14,16,16,0,0,2,6,-1,0,0,0,0,3,3,3,2,0,0,2,2,2,2,1
1366,2,75,1,1,4,1,2,2,0,10,12,0,9,0,12,5,-1,1,2,5,0,3,1,2,1,0,1,2,1,1,2,2
1369,2,39,1,1,2,3,5,2,0,12,12,0,15,0,9,1,0.75,2,2,1,1,2,2,2,2,0,0,2,3,3,2,1
1372,1,60,1,1,3,1,2,2,0,14,12,8,14,12,12,1,13,2,2,1,2,2,2,1,1,2,2,1,1,1,2,1
1374,2,31,1,1,0,1,3,2,1,12,12,10,12,12,12,1,2,2,2,1,1,1,2,2,1,0,2,1,1,1,2,2
1378,2,42,1,3,1,1,1,1,0,15,12,0,0,12,12,1,11,2,2,0,1,3,2,1,1,1,2,1,1,1,2,1
1380,2,29,2,1,0,1,2,2,0,16,16,12,16,12,12,1,6,1,2,1,2,1,1,1,1,1,1,1,1,1,2,2
1382,1,27,1,1,0,1,3,2,1,14,12,0,12,12,12,1,6,1,2,7,1,1,1,1,2,1,0,1,4,4,2,1
1392,2,30,1,5,2,0,2,2,0,18,14,14,0,6,12,1,1,1,2,0,2,2,2,1,1,2,2,1,1,1,2,1
1398,2,82,1,2,3,3,1,1,0,13,13,12,0,0,9,5,-1,2,2,0,0,2,2,1,1,1,1,2,1,1,2,1
1401,2,61,2,2,4,2,1,1,0,12,0,0,0,12,1,1,10,1,2,0,1,2,2,1,1,1,1,2,2,2,1,2
1403,2,57,1,1,2,2,2,2,0,13,15,14,16,11,12,1,11,2,2,1,1,1,1,1,1,1,2,1,1,1,2,2
1409,2,26,1,5,1,0,3,3,0,10,10,6,0,7,11,7,-1,1,2,0,0,4,3,2,2,0,0,2,2,1,2,2
1410,2,52,1,1,3,2,3,3,0,13,0,8,9,12,12,1,3,1,2,8,1,3,2,1,1,2,2,1,1,1,2,1
1414,2,60,1,3,2,2,1,1,0,12,12,12,0,12,12,1,3,2,2,0,2,1,2,1,1,2,2,2,1,1,2,1
1416,1,45,2,3,2,5,1,1,0,15,0,12,0,12,12,1,5,2,2,0,2,3,3,1,1,1,1,2,2,2,2,1
1418,2,32,1,5,4,5,2,1,0,10,7,0,0,0,3,1,0.75,2,2,0,2,2,2,1,2,1,0,2,4,4,2,2
1421,1,65,1,1,6,2,2,2,0,14,12,12,16,0,12,5,-1,2,2,2,0,1,1,1,1,1,1,2,2,2,2,2
1424,1,52,1,1,0,2,3,3,0,18,12,12,16,12,12,1,6,2,1,1,2,2,2,1,1,2,2,1,1,1,2,1
1428,1,86,1,1,5,4,2,2,0,10,5,4,12,0,12,5,-1,2,2,5,0,1,1,1,1,2,2,1,1,1,1,2
1430,1,66,1,3,0,2,1,1,0,16,12,9,0,0,12,5,-1,1,2,0,0,1,2,1,1,2,2,2,1,1,2,1
1432,2,47,1,3,1,1,1,1,0,14,14,0,0,12,12,1,10,2,2,0,2,2,2,2,2,0,0,2,1,1,2,1
1434,2,35,2,3,5,0,1,1,0,15,9,0,0,12,12,1,2,2,2,0,1,1,2,3,3,0,0,2,1,1,2,1
1439,1,26,2,4,8,1,4,2,1,12,12,0,0,11,11,1,1,2,2,0,1,3,1,2,2,0,0,2,1,1,2,1
1449,2,45,1,3,5,2,2,2,0,10,9,12,0,0,9,6,-1,2,2,0,0,3,2,1,2,1,0,2,4,4,2,1
1459,2,27,2,5,2,2,3,1,2,16,16,0,0,0,1,7,-1,1,2,0,0,2,3,1,1,1,1,2,1,1,2,2
1460,2,55,2,1,2,3,3,3,0,18,16,18,18,12,12,1,0.75,2,2,1,1,1,2,1,1,1,1,2,1,1,2,1
1477,2,63,1,3,2,2,1,1,0,12,0,0,0,9,11,1,8,2,2,0,2,3,2,2,2,0,0,2,3,1,2,1
1482,2,24,1,5,1,0,1,1,0,14,12,12,0,12,12,1,6,1,2,0,2,2,2,2,1,0,1,2,1,1,2,1
1487,1,47,1,1,2,2,4,2,0,12,12,14,16,12,12,1,13,2,2,1,1,1,1,2,2,0,0,2,3,3,2,1
1493,2,67,1,3,0,2,1,1,0,16,16,16,0,0,9,4,-1,1,2,0,0,4,3,1,1,1,2,2,3,1,2,1
1496,2,65,1,1,10,1,1,1,0,14,11,10,12,2,12,3,1,2,2,5,1,2,2,1,1,1,1,2,2,2,2,1
1498,2,35,3,3,2,3,4,1,0,14,15,0,0,0,12,7,-1,2,2,0,0,3,2,1,2,1,0,2,1,1,2,1
1501,1,29,1,5,3,0,1,1,0,12,0,0,0,11,11,1,2,2,2,0,2,2,2,1,1,1,1,2,2,2,2,1
1502,2,66,1,1,4,2,2,2,0,12,12,12,14,0,12,5,-1,2,2,5,0,3,1,1,1,2,2,2,1,1,2,1
1503,2,58,1,2,4,0,1,1,0,14,6,0,0,0,12,5,-1,2,2,0,0,4,2,1,1,1,1,2,3,3,2,1
1504,2,77,1,1,1,2,3,3,0,16,6,7,14,12,12,1,25,2,1,5,1,2,2,1,1,1,1,1,4,1,1,1
1508,2,46,1,1,6,5,6,3,0,6,0,0,3,0,10,7,-1,2,1,1,0,3,1,2,2,0,0,2,1,1,2,1
1510,2,23,1,1,3,1,4,2,1,13,6,0,12,9,10,1,0.75,2,2,1,2,3,2,3,2,0,0,2,1,1,2,1
1517,2,58,1,4,2,1,1,1,0,14,14,12,0,11,11,1,7,2,2,0,1,1,2,2,2,0,0,2,1,1,2,1
1520,2,68,1,2,6,2,3,3,0,12,5,9,0,0,12,5,-1,2,2,0,0,2,2,2,2,0,0,2,4,2,2,1
1523,2,64,1,3,0,3,3,2,0,12,12,12,0,9,12,2,5,2,2,0,1,2,2,1,1,1,1,1,1,1,2,2
1526,2,56,1,1,4,3,4,4,0,12,0,16,16,12,12,3,26,1,2,5,2,4,3,1,2,1,0,1,2,2,1,1
1529,1,34,1,3,9,3,4,2,0,11,12,0,0,10,12,1,0.75,2,2,0,3,1,1,2,2,0,0,2,3,3,2,2
1530,2,67,1,3,3,4,1,1,0,13,14,7,0,0,9,5,-1,2,2,0,0,3,1,1,1,2,2,1,1,1,2,1
1533,2,32,2,5,6,1,3,2,0,15,14,0,0,12,12,1,3,2,2,0,3,2,2,1,1,1,1,1,1,1,2,1
1539,1,53,2,1,6,8,6,2,2,12,12,10,14,10,10,1,2,2,2,6,2,3,2,2,2,0,0,2,1,1,1,1
1542,1,26,2,5,3,3,4,2,2,12,16,0,0,0,12,1,0.25,1,2,0,2,3,1,2,1,0,1,1,2,2,2,2
1550,1,62,1,3,3,7,2,2,0,16,12,5,0,0,12,5,-1,1,2,0,0,2,2,1,1,1,3,1,4,3,2,1
1552,2,24,1,1,7,0,2,2,0,12,14,0,12,11,12,1,2,2,2,1,3,2,2,2,1,0,2,2,1,1,2,1
1561,2,60,2,1,3,3,2,2,0,18,12,11,12,12,12,1,4,1,2,1,1,2,1,1,1,1,1,1,1,1,2,1
1565,2,27,2,1,1,2,3,3,0,14,12,12,13,0,12,1,0.75,2,2,1,1,1,2,2,1,0,1,2,1,1,1,2
1566,1,42,2,1,1,6,2,2,0,11,12,11,16,12,12,1,2,2,2,7,2,2,1,1,1,1,1,1,1,1,2,2
1574,2,70,2,1,7,2,2,2,0,12,9,0,11,5,11,2,2,2,2,5,1,2,3,1,1,1,1,1,2,1,2,1
1577,2,35,2,5,6,2,3,1,0,11,11,11,0,9,9,1,6,1,2,0,2,2,2,1,1,1,1,2,1,1,2,2
1579,2,37,1,1,2,1,2,2,0,12,0,12,14,12,12,1,3,2,2,2,1,2,2,2,2,0,0,1,1,1,2,1
1580,1,71,1,1,0,3,2,2,0,15,9,12,18,0,12,5,-1,2,2,5,0,4,2,1,1,2,2,1,1,1,2,2
1582,1,78,1,1,2,2,2,2,0,14,12,5,14,0,12,5,-1,2,1,5,0,3,2,1,1,2,2,1,1,1,2,1
1588,2,36,2,5,11,0,1,1,0,13,20,0,0,3,4,1,1,2,2,0,2,2,2,1,1,1,1,2,2,1,2,2
1589,1,85,1,2,6,5,1,1,0,14,0,8,0,0,12,5,-1,2,2,0,0,1,2,1,1,2,2,1,2,1,2,1
1590,1,71,2,2,5,3,1,1,0,16,5,0,0,0,12,5,-1,1,2,0,0,2,3,1,1,1,1,1,1,1,2,1
1593,1,88,3,1,10,5,1,1,0,11,0,11,18,0,9,5,-1,2,1,5,0,2,2,2,1,0,1,2,1,1,2,2
1604,2,54,2,5,5,2,2,1,0,16,0,0,0,8,8,1,7,1,2,0,1,2,3,1,1,1,1,2,1,1,1,2
1606,2,33,2,5,1,0,1,1,0,17,14,12,0,12,12,1,1,2,2,0,1,2,2,1,2,1,0,2,2,2,2,1
1609,2,38,1,5,7,1,3,3,0,14,14,10,0,12,12,1,6,2,2,0,2,2,2,1,1,1,1,2,1,1,2,1
1611,1,63,1,5,3,2,5,3,0,12,12,9,0,12,12,1,5,2,2,0,1,2,2,2,2,0,0,2,3,1,2,1
1614,2,69,1,1,1,2,2,2,0,12,8,11,9,0,12,5,-1,2,2,2,0,2,2,1,1,1,1,2,1,1,2,1
1618,1,34,1,5,6,0,1,1,0,14,12,0,0,11,11,1,9,2,2,0,2,2,2,1,1,1,1,2,4,3,2,1
1631,2,49,1,1,9,5,2,2,0,12,6,0,6,0,12,4,-1,2,2,1,0,3,1,1,1,1,1,1,1,1,1,2
1635,2,89,1,2,3,3,1,1,0,12,12,0,0,0,11,5,-1,1,2,0,0,4,2,2,2,0,0,1,1,1,2,1
1639,2,53,1,2,3,2,1,1,0,13,0,0,0,11,11,1,2,2,2,0,1,3,2,1,1,2,1,1,1,1,2,1
1643,2,71,1,1,3,2,2,2,0,16,14,12,16,0,12,5,-1,1,2,5,0,3,2,1,1,1,1,1,1,1,2,1
1646,1,44,1,3,1,2,2,2,0,12,10,7,0,0,9,7,-1,2,2,0,0,3,2,1,1,2,2,2,1,1,2,2
1648,2,68,1,3,1,2,1,1,0,12,12,12,0,0,12,5,-1,1,2,0,0,1,2,1,1,2,2,2,3,3,2,1
1651,2,43,1,5,2,0,1,1,0,14,17,0,0,11,11,1,7,2,2,0,2,2,2,1,1,1,1,2,3,2,2,1
1655,1,42,1,1,2,4,6,2,2,16,12,12,16,12,12,1,17,1,2,1,1,1,2,1,1,2,2,2,1,1,2,1
1660,1,89,1,3,7,5,1,1,0,8,0,0,0,0,11,5,-1,2,2,0,0,2,2,1,1,1,1,1,1,1,2,1
1662,2,77,1,3,2,2,1,1,0,12,9,9,0,8,10,2,14,2,2,0,2,2,2,1,1,2,2,2,1,2,2,1
1667,2,60,1,2,1,0,1,1,0,13,12,12,0,12,12,1,24,2,2,0,1,3,2,1,1,2,2,1,3,1,2,1
1669,1,43,1,1,2,2,4,2,0,16,13,12,17,12,12,1,19,2,2,1,1,1,1,1,1,1,1,2,1,1,2,1
1671,1,21,1,5,2,0,2,2,0,12,12,0,0,12,12,1,1,1,2,0,1,3,3,3,1,0,3,1,2,2,2,1
1673,1,36,1,1,1,2,4,2,0,16,14,12,17,12,12,1,12,1,2,1,1,2,1,2,2,0,0,2,1,1,2,1
1702,1,58,1,3,2,0,2,2,0,16,12,18,0,12,12,1,30,1,2,0,2,2,2,1,1,1,1,2,1,1,2,2
1704,2,19,2,5,6,0,1,1,0,12,14,12,0,2,3,1,0.25,2,2,0,3,2,2,3,3,0,0,2,3,3,2,1
1706,1,43,1,1,3,4,6,2,0,18,16,18,16,12,12,1,10,2,2,7,1,1,1,1,1,2,3,1,1,1,2,1
1709,2,28,3,1,2,0,2,2,0,19,13,13,16,8,12,6,-1,1,2,1,0,2,2,2,1,0,1,2,4,4,2,1
1712,2,37,1,5,1,2,3,1,0,12,12,0,0,0,4,7,-1,0,0,0,0,3,2,2,2,0,0,2,3,3,2,1
1713,1,31,1,5,1,0,6,2,1,14,10,12,0,0,12,6,-1,1,2,0,0,3,2,2,1,0,1,2,1,1,2,1
1716,1,22,1,5,2,0,1,1,0,14,16,18,0,0,2,6,-1,0,0,0,0,2,2,3,1,0,1,2,3,3,2,1
1719,1,23,1,5,3,2,4,4,0,12,0,12,0,11,12,1,0.25,2,2,0,2,1,2,3,2,0,0,2,2,2,1,1
1721,2,78,1,2,5,3,2,2,0,12,0,12,0,0,12,5,-1,2,2,0,0,3,2,1,1,1,1,1,1,1,2,1
1724,1,27,1,5,8,2,3,3,0,16,12,12,0,12,12,2,5,2,2,0,2,2,2,1,1,1,1,2,3,2,2,1
1726,1,52,1,3,2,1,2,1,0,18,16,14,0,12,12,1,15,2,2,0,1,2,2,1,2,1,0,1,2,2,2,2
1734,2,51,1,1,2,2,3,3,0,12,10,12,10,0,12,5,-1,2,1,1,0,2,1,1,1,1,2,1,1,1,2,1
1736,2,48,1,1,2,2,2,2,0,12,14,12,12,0,12,7,-1,2,2,1,0,2,2,1,1,2,2,1,1,1,1,1
1738,2,59,1,1,1,3,2,2,0,16,14,12,18,11,12,1,9,2,2,1,1,1,1,1,1,2,2,1,1,1,2,1
1748,1,58,1,2,4,2,1,1,0,10,12,12,0,12,12,1,18,2,2,0,2,3,1,1,1,1,2,1,1,1,2,2
1751,2,69,1,3,4,1,1,1,0,12,9,12,0,9,12,1,2,1,2,0,2,2,2,1,1,1,1,2,1,1,2,1
1754,2,73,1,2,7,1,1,1,0,12,0,0,0,12,12,1,49,2,2,0,1,2,2,1,1,1,1,2,3,2,2,2
1757,1,68,1,1,4,2,2,2,0,12,10,8,12,0,11,5,-1,2,2,7,0,2,1,1,1,1,1,1,1,1,2,2
1766,2,23,1,1,6,1,4,3,1,13,20,13,12,0,12,1,0.25,2,2,1,2,4,2,3,2,0,0,2,2,3,2,1
1768,2,26,1,5,8,1,3,2,1,12,16,16,0,12,12,1,3,2,2,0,2,2,2,2,2,0,0,2,1,1,2,1
1772,2,86,1,2,3,5,1,1,0,17,10,9,0,0,12,5,-1,2,2,0,0,2,1,1,1,1,1,2,4,3,2,1
1774,2,54,1,3,4,2,1,1,0,8,12,20,0,0,12,7,-1,2,2,0,0,2,2,1,1,2,2,1,3,3,2,2
1785,2,34,1,1,1,3,5,2,2,16,16,16,16,12,12,3,12,2,2,3,2,2,2,1,2,1,0,1,1,1,2,2
1787,2,30,1,1,2,2,4,2,2,16,16,14,19,12,12,1,3,2,2,1,1,2,1,2,1,0,4,1,1,1,2,1
1789,1,48,1,3,7,0,1,1,0,16,14,12,0,12,12,1,21,2,2,0,2,2,2,1,1,2,2,1,1,1,2,1
1790,2,60,1,1,6,2,2,2,0,16,12,12,20,2,12,2,0.75,2,2,1,1,1,1,1,1,2,2,1,1,1,2,1
1795,2,31,1,5,2,1,2,1,0,13,16,12,0,0,8,7,-1,2,2,0,0,2,2,2,2,0,0,2,1,1,2,1
1803,1,66,1,1,6,5,2,2,0,16,16,16,20,12,12,1,15,1,2,1,1,2,2,1,1,1,2,1,1,1,2,1
1810,1,59,1,1,1,1,3,3,0,19,12,12,16,12,12,1,5,2,1,1,1,1,1,1,1,1,2,2,4,4,2,1
1811,1,55,1,1,3,4,2,2,0,14,18,0,16,12,12,1,13,2,1,1,1,1,1,1,1,1,1,2,1,1,2,1
1813,1,85,1,2,2,2,1,1,0,14,12,0,0,0,12,5,-1,2,2,0,0,1,1,2,2,0,0,1,3,1,2,1
1816,1,77,1,2,7,6,1,1,0,12,11,10,0,0,12,5,-1,2,1,0,0,3,2,1,1,2,2,2,1,1,2,1
1819,1,66,1,3,3,2,1,1,0,14,12,12,0,0,10,8,-1,2,2,0,0,4,3,1,1,1,1,2,4,4,2,1
1822,1,45,1,3,1,1,1,1,0,17,14,14,0,12,12,1,6,2,2,0,1,1,1,1,1,2,2,1,1,1,2,1
1832,2,49,2,5,3,2,3,2,0,16,13,0,0,12,12,1,10,1,2,0,2,2,2,1,1,1,1,2,2,1,1,2
1835,1,23,2,5,2,1,2,2,0,12,12,0,0,0,11,1,0.75,2,2,0,2,1,2,3,2,0,0,2,1,1,2,1
1837,2,73,1,1,2,3,2,2,0,14,3,11,14,11,12,2,20,2,2,5,1,3,1,1,1,2,2,1,1,1,2,1
1843,2,70,1,5,2,0,1,1,0,13,7,12,0,0,6,5,-1,2,2,0,0,2,2,1,1,2,2,2,2,1,2,1
1848,2,64,1,3,4,2,2,2,0,12,0,16,0,12,12,1,11,1,2,0,2,2,2,1,1,2,2,2,1,1,2,1
1852,2,24,1,5,4,1,2,1,1,12,13,13,0,3,2,1,1,2,2,0,2,2,3,3,2,0,0,2,1,1,2,2
1854,2,28,1,1,3,1,3,2,1,10,6,6,11,0,12,7,-1,2,2,1,0,2,1,2,1,0,1,2,2,1,1,2
1859,2,33,3,1,4,0,2,2,0,12,6,9,12,10,11,1,6,2,2,1,2,2,1,2,2,0,0,2,1,1,2,1
1864,1,77,1,3,1,2,1,1,0,11,12,11,0,12,12,2,45,2,1,0,1,2,2,1,1,2,2,1,3,3,2,2
1869,2,39,1,5,1,2,4,3,0,19,18,11,0,0,12,8,-1,1,2,0,0,4,3,1,1,1,1,2,2,2,2,1
1871,1,49,3,3,4,4,2,2,0,13,5,5,0,12,12,1,2,2,2,0,2,2,2,1,2,1,0,1,1,1,1,1
1874,1,52,3,1,16,2,3,2,0,13,6,16,12,0,12,1,30,1,2,1,1,1,1,2,2,0,0,2,2,2,2,1
1881,2,24,2,5,3,3,4,2,2,13,10,11,0,0,9,1,0.25,2,1,0,1,2,1,2,2,0,0,2,2,1,2,2
1883,2,54,1,1,7,3,2,2,0,12,1,2,10,0,12,7,-1,1,2,1,0,2,1,2,2,0,0,2,1,1,2,2
1884,1,21,3,5,4,0,4,2,0,12,12,3,0,1,6,1,0.25,2,2,0,1,2,2,3,2,0,0,2,4,1,2,1
1886,2,60,1,3,2,2,2,2,0,12,12,12,0,12,12,1,8,1,2,0,2,3,3,2,2,0,0,2,1,1,1,2
1889,1,33,1,1,1,2,4,2,1,12,0,12,12,12,12,1,2,2,2,7,1,2,2,2,2,0,0,1,1,1,2,2
1895,2,49,3,3,7,2,3,1,0,13,12,0,0,0,9,1,0.25,2,2,0,2,2,2,2,2,0,0,2,1,1,2,2
1899,2,55,3,1,7,5,6,3,1,8,0,0,6,12,12,1,20,2,2,1,1,1,2,2,2,0,0,2,1,1,1,1
1903,2,80,1,1,10,5,3,3,0,10,5,5,5,0,12,7,-1,2,2,5,0,2,2,2,2,0,0,2,1,1,1,1
1905,2,45,3,2,5,3,5,5,0,4,5,3,0,3,9,1,0.75,2,2,0,1,3,3,2,2,0,0,2,4,4,2,1
1906,1,33,2,1,3,4,5,3,1,15,12,12,14,12,12,4,-1,2,2,7,0,3,1,2,2,0,0,2,1,1,2,2
1912,2,35,1,1,2,0,2,2,0,20,18,16,15,12,12,1,8,2,2,1,1,2,2,1,1,1,3,1,3,3,2,1
1914,1,43,1,3,0,2,1,1,0,12,5,16,0,0,12,1,0.25,1,2,0,1,4,2,1,1,2,3,1,2,2,2,1
1923,2,64,3,3,5,4,3,2,0,16,8,8,0,12,12,1,8,1,2,0,2,2,2,1,1,1,1,2,3,3,2,1
1925,1,56,1,5,3,3,2,2,0,11,12,10,0,12,12,1,3,2,2,0,2,2,2,1,1,1,2,1,2,2,2,1
1927,1,27,1,5,1,1,3,2,1,13,18,0,0,0,12,1,0.25,2,1,0,1,1,1,3,3,0,0,1,4,2,2,2
1930,2,71,3,3,3,1,1,1,0,16,12,8,0,0,12,2,0.25,2,2,0,1,1,2,1,1,1,2,2,2,2,2,2
1931,1,73,1,1,1,1,2,2,0,11,0,0,12,9,12,1,5,2,1,5,1,2,1,1,1,1,1,1,1,1,2,1
1935,2,53,1,3,3,4,3,3,0,12,15,12,0,2,10,2,0.75,2,1,0,2,3,2,2,2,0,0,2,1,1,2,1
1939,1,39,1,1,3,3,2,2,0,19,10,12,14,12,12,6,-1,2,2,2,0,2,2,2,2,0,0,1,2,1,2,1
1941,1,56,1,1,4,2,2,2,0,20,18,19,14,12,12,1,25,2,1,1,1,1,1,1,1,2,2,2,2,1,2,1
1943,2,62,1,1,2,3,2,2,0,16,18,16,16,0,12,5,-1,2,2,1,0,1,1,1,1,2,2,2,1,1,2,1
1950,1,29,1,5,2,0,1,1,0,16,16,16,0,12,12,1,6,1,2,0,3,1,3,2,1,0,3,1,3,3,2,1
1952,2,33,1,3,2,2,3,1,2,16,16,18,0,12,12,2,3,2,2,0,2,1,2,1,1,2,2,2,1,1,2,1
1958,1,51,1,3,1,6,2,1,0,14,14,14,0,12,12,1,1,2,2,0,3,1,2,1,1,1,2,1,2,2,2,1
1960,1,39,1,1,0,0,2,2,0,10,12,12,13,0,12,7,-1,1,2,1,0,3,2,2,2,0,0,2,4,4,2,1
1965,1,30,3,1,2,3,5,2,2,12,3,3,13,12,12,1,5,2,2,7,1,2,2,2,2,0,0,2,4,4,2,1
1966,2,32,1,1,3,3,5,2,0,13,0,4,12,12,12,1,9,2,2,1,1,2,2,2,1,0,1,2,1,1,2,1
1968,2,67,1,3,6,0,1,1,0,13,6,6,0,0,11,5,-1,2,2,0,0,2,1,1,1,1,1,2,2,2,2,1
1971,2,51,1,3,3,0,1,1,0,14,14,18,0,12,12,1,30,1,2,0,1,2,2,1,2,2,0,2,1,1,2,2
1973,1,28,2,5,3,1,1,1,0,16,12,12,0,9,10,4,-1,2,2,0,0,2,1,2,1,0,1,1,1,1,2,1
1976,2,70,1,1,4,1,2,2,0,12,15,12,6,0,12,5,-1,1,2,5,0,2,2,1,1,1,2,1,1,1,2,1
1979,1,59,3,4,8,4,2,2,0,2,0,0,0,7,8,1,4,2,2,0,2,3,3,2,2,0,0,2,1,2,1,2
1982,1,56,1,4,11,4,1,1,0,13,9,7,0,0,2,8,-1,2,2,0,0,2,3,1,1,1,1,2,2,2,2,2
1991,1,44,3,5,5,0,4,3,0,11,11,0,0,1,8,2,0.75,2,2,0,1,2,2,2,2,0,0,2,1,1,2,1
1994,2,43,1,3,12,3,4,2,1,9,0,0,0,0,12,7,-1,2,2,0,0,3,1,3,3,0,0,2,2,2,2,1
1995,1,51,1,3,3,2,1,1,0,8,0,0,0,0,9,8,-1,2,2,0,0,3,2,2,2,0,0,2,1,1,2,1
2005,1,49,1,1,2,0,2,2,0,15,14,13,16,0,12,6,-1,2,2,1,0,2,2,1,1,1,1,2,3,2,2,1
2011,1,19,1,5,2,0,3,3,0,12,16,16,0,0,1,6,-1,0,0,0,0,2,2,3,3,0,0,2,3,3,2,1
2017,2,49,1,3,3,2,3,3,0,12,11,15,0,0,12,7,-1,2,2,0,0,3,2,1,1,2,2,1,1,1,2,1
2020,1,51,1,1,1,2,2,2,0,15,20,16,15,0,12,1,0.25,1,2,1,1,2,2,1,1,1,1,1,2,1,2,1
2022,2,66,1,1,7,0,2,2,0,15,12,8,12,0,12,5,-1,1,2,5,0,1,1,1,1,2,2,1,2,2,2,2
2024,1,57,1,3,4,2,2,2,0,17,12,12,0,12,12,1,17,2,1,0,1,2,3,1,1,1,1,1,4,4,2,1
2028,2,58,1,3,7,3,1,1,0,19,12,0,0,12,12,1,4,2,2,0,1,1,1,1,1,1,1,2,3,3,2,1
2031,2,28,1,1,1,0,2,2,0,15,16,10,14,11,12,2,5,2,2,2,3,2,2,1,2,1,0,2,4,2,2,1
2037,1,37,1,5,0,1,1,1,0,14,16,0,0,12,12,1,0.75,2,2,0,3,2,2,1,1,1,3,2,2,2,2,1
2039,1,41,1,3,4,0,1,1,0,10,12,14,0,0,11,4,-1,2,2,0,0,4,3,2,2,0,0,2,3,3,2,1
2050,1,35,1,4,3,0,3,3,0,12,0,12,0,12,12,1,0.75,2,1,0,1,1,2,2,1,0,2,1,4,4,2,2
2052,2,81,1,2,4,6,1,1,0,12,9,12,0,0,9,5,-1,2,1,0,0,2,2,1,1,1,3,2,2,1,2,1
2055,1,18,1,5,2,0,2,2,0,8,12,0,0,4,12,1,0.75,2,2,0,2,3,3,3,3,0,0,2,4,4,1,1
2060,1,57,1,3,7,0,2,2,0,12,0,0,0,0,12,7,-1,2,2,0,0,2,1,2,2,0,0,1,2,2,2,1
2063,2,53,1,5,4,2,3,1,1,12,14,6,0,10,12,1,7,2,1,0,1,2,3,3,3,0,0,2,2,2,2,1
2073,2,33,1,1,3,3,3,2,1,9,0,20,12,0,11,7,-1,2,2,1,0,2,1,2,2,0,0,2,1,1,2,1
2075,2,53,1,3,2,6,2,2,0,12,8,0,0,9,11,2,4,1,2,0,1,3,1,1,1,1,1,2,1,1,2,1
2081,2,28,1,1,1,0,2,2,0,14,13,13,14,9,9,2,0.75,2,2,4,3,2,2,1,1,2,2,1,1,1,2,1
2089,1,65,1,1,3,0,2,2,0,8,0,0,11,0,10,5,-1,2,2,8,0,2,2,1,1,1,2,1,1,1,2,2
2093,1,39,1,1,2,4,6,2,1,17,18,18,17,12,12,1,6,2,2,4,2,2,2,1,1,2,3,1,4,4,2,1
2097,2,39,1,1,5,2,4,2,1,12,2,2,12,0,10,7,-1,2,2,1,0,2,2,1,1,2,2,2,1,1,2,2
2105,1,46,3,1,1,3,2,2,0,13,12,12,13,12,12,1,8,1,2,1,2,2,2,2,1,0,2,1,2,2,2,1
2112,2,36,1,1,1,2,6,4,1,12,12,8,12,9,9,1,4,1,2,1,2,2,2,2,2,0,0,2,3,1,2,1
2115,2,75,2,2,8,1,3,1,0,14,8,4,0,0,12,7,-1,1,2,0,0,2,1,1,1,1,1,2,1,1,1,2
2131,1,62,1,1,2,2,2,2,0,12,10,9,15,12,12,5,-1,2,2,7,0,3,2,1,1,1,1,1,1,1,2,1
2133,2,38,1,1,2,2,2,2,0,20,12,0,12,12,12,1,5,1,2,1,2,2,1,1,1,1,1,1,1,1,2,1
2136,2,55,1,1,2,2,1,1,0,12,7,16,12,0,10,7,-1,2,2,7,0,4,2,2,2,0,0,2,2,2,2,1
2144,1,73,1,1,2,1,2,2,0,16,0,12,18,0,8,5,-1,1,2,5,0,3,2,1,1,2,2,1,1,1,2,1
2159,2,20,2,5,5,0,1,1,0,13,0,13,0,1,1,1,4,1,2,0,2,3,2,3,2,0,0,2,1,1,2,1
2161,2,38,1,1,4,2,3,1,0,12,12,9,14,12,12,1,1,2,2,1,1,2,1,2,2,0,0,2,1,1,2,1
2164,1,82,1,1,4,7,2,2,0,9,8,0,9,0,11,5,-1,2,1,5,0,2,1,1,1,1,1,1,1,1,2,1
2166,1,38,1,1,1,2,1,1,0,14,12,12,13,0,9,1,0.25,1,2,7,1,2,2,2,1,0,2,1,1,1,2,1
2167,1,25,2,5,7,1,3,2,1,14,16,16,0,12,12,1,3,2,2,0,2,2,2,1,2,1,0,2,1,1,1,1
2170,2,74,1,5,4,0,1,1,0,16,16,8,0,0,12,5,-1,1,2,0,0,2,2,1,1,2,2,2,1,1,2,1
2171,1,77,1,1,10,3,2,2,0,12,8,8,18,0,12,5,-1,1,2,5,0,1,1,1,1,2,2,1,1,1,2,2
2174,2,29,1,1,5,2,4,2,2,12,12,12,12,9,12,1,9,2,1,1,1,2,2,2,2,0,0,1,2,2,2,1
2178,2,80,1,2,5,4,1,1,0,14,12,10,0,9,11,2,3,2,2,0,1,2,3,1,1,1,2,2,1,1,2,1
2184,2,44,1,1,2,7,9,4,1,16,20,0,16,0,12,7,-1,1,2,1,0,1,2,1,1,2,2,1,1,1,2,1
2186,1,83,1,1,7,3,2,2,0,12,0,12,12,0,11,5,-1,2,2,2,0,3,1,1,1,1,1,1,1,1,2,1
2187,2,47,1,3,2,0,1,1,0,12,14,12,0,12,12,1,19,2,2,0,2,3,1,1,1,2,2,1,1,1,2,1
2189,1,37,1,1,2,2,3,2,0,12,12,12,12,0,12,1,12,2,2,1,2,3,2,2,2,0,0,1,1,1,2,1
2191,1,40,1,1,1,1,3,2,0,12,12,12,16,12,12,1,16,2,2,1,1,1,1,1,1,2,2,1,1,1,1,1
2198,1,59,2,3,8,1,1,1,0,16,18,12,0,12,12,5,-1,1,2,0,0,3,3,1,1,1,3,2,2,2,2,1
2201,2,56,1,3,5,2,2,1,0,10,0,0,0,4,11,1,1,2,1,0,2,2,2,2,1,0,2,2,1,1,2,1
2206,1,62,1,1,5,1,2,2,0,12,12,12,18,12,12,1,9,2,2,4,2,2,3,1,1,1,3,1,1,1,2,1
2209,2,40,1,1,1,0,2,2,0,16,16,16,18,10,12,2,12,2,2,1,1,2,1,1,1,1,3,1,1,1,2,1
2213,1,77,1,2,6,3,1,1,0,8,3,4,0,0,1,5,-1,2,2,0,0,3,1,1,1,1,2,2,4,3,1,1
2221,1,57,1,5,2,0,1,1,0,12,0,0,0,0,2,5,-1,2,2,0,0,4,2,2,2,0,0,2,1,1,2,1
2224,1,59,1,3,1,0,3,3,0,13,12,10,0,12,12,1,12,2,2,0,2,2,2,2,2,0,0,1,4,3,2,1
2225,2,27,1,1,0,0,2,2,0,18,14,14,20,0,11,1,0.25,1,2,2,2,2,2,2,2,0,0,1,2,2,2,1
2230,2,40,1,1,2,0,2,2,0,12,12,0,14,11,12,1,5,2,2,1,1,2,2,2,2,0,0,1,3,2,2,1
2237,1,80,3,1,3,6,1,1,0,13,0,0,12,0,12,5,-1,2,2,8,0,4,3,1,1,1,1,1,1,1,2,1
2242,2,61,1,1,3,2,3,3,0,12,12,12,12,9,12,2,13,2,2,1,2,2,2,1,1,1,2,1,2,2,2,1
2245,2,55,1,3,3,2,1,1,0,12,8,8,0,3,11,1,0.75,2,2,0,2,2,2,1,1,2,2,2,1,1,2,1
2250,2,56,1,3,5,2,1,1,0,14,8,0,0,12,12,1,18,1,2,0,1,1,2,2,1,0,1,2,1,1,2,1
2252,2,30,1,1,5,2,4,2,2,19,12,12,15,12,12,3,8,1,2,1,1,2,1,1,2,1,0,1,1,1,2,1
2253,2,21,1,5,8,1,2,2,0,12,12,12,0,0,12,1,0.25,2,2,0,2,2,1,3,2,0,0,1,1,1,2,2
2256,2,57,1,3,2,2,1,1,0,12,8,12,0,12,12,1,16,1,2,0,1,3,2,1,1,2,1,2,2,1,2,1
2262,2,21,3,5,5,0,2,2,0,16,12,14,0,11,3,1,0.75,1,2,0,1,2,1,3,2,0,0,2,1,1,2,2
2269,2,89,1,5,7,0,1,1,0,12,3,3,0,0,8,5,-1,2,2,0,0,4,2,2,2,0,0,1,1,1,2,1
2272,2,34,1,1,2,3,4,2,0,11,11,0,10,8,12,1,4,2,2,2,3,2,1,2,2,0,0,1,1,1,2,1
2287,1,34,3,5,9,4,4,2,0,6,0,2,0,11,12,1,4,2,2,0,1,1,2,2,2,0,0,2,1,1,1,2
2290,2,37,2,5,7,4,3,1,0,11,20,0,0,0,9,4,-1,1,2,0,0,2,2,1,1,1,1,2,1,1,1,1
2293,1,41,2,5,5,2,2,2,0,12,12,0,0,1,9,1,0.25,2,2,0,1,1,1,2,2,0,0,2,1,1,1,1
2295,2,23,2,5,5,1,2,2,0,13,12,0,0,2,2,2,0.75,2,2,0,2,2,2,3,2,0,0,2,1,1,2,2
2296,2,53,2,5,13,2,1,1,0,12,6,0,0,0,9,5,-1,1,2,0,0,3,2,1,1,1,1,2,1,1,2,1
2300,1,77,2,1,9,3,2,2,0,12,0,0,12,0,4,5,-1,2,1,5,0,3,1,1,1,1,1,1,1,1,2,2
2302,2,28,2,1,1,2,2,2,0,12,16,0,11,11,11,1,3,2,2,1,2,2,2,1,2,1,0,2,1,1,2,1
2305,1,52,2,3,23,6,1,1,0,10,5,0,0,12,12,7,-1,2,2,0,0,3,2,2,2,0,0,1,1,1,1,1
2312,2,25,1,5,7,1,2,2,0,14,16,14,0,8,12,6,-1,2,2,0,0,2,2,3,2,0,0,2,1,1,2,1
2313,2,53,1,1,8,4,3,3,0,8,12,0,12,11,12,7,-1,2,2,1,0,2,1,2,2,0,0,1,2,1,2,2
2317,1,56,1,1,2,0,2,2,0,17,12,12,14,12,12,1,4,2,2,7,2,2,1,1,1,2,2,1,3,3,2,1
2321,1,67,2,3,10,2,1,1,0,12,9,9,0,0,12,5,-1,2,2,0,0,2,2,2,2,0,0,1,3,3,2,1
2326,2,57,1,2,3,3,4,2,0,16,16,16,0,6,12,1,0.75,2,2,0,1,1,1,1,1,1,3,2,3,2,2,1
2334,1,76,1,1,3,2,2,2,0,20,12,12,16,0,12,5,-1,2,2,1,0,1,1,1,1,1,1,1,4,4,2,1
2336,2,54,1,1,7,0,4,2,0,18,12,14,17,12,12,1,3,1,2,2,1,2,2,1,1,1,1,1,4,4,2,1
2340,2,29,1,1,1,0,2,2,0,14,16,10,10,12,12,1,11,2,2,1,1,3,2,2,2,0,0,1,4,3,2,1
2342,2,68,1,3,4,2,1,1,0,14,14,12,0,0,8,5,-1,2,2,0,0,3,2,1,1,3,2,2,4,1,2,1
2345,2,75,1,1,9,4,2,2,0,12,8,8,8,10,12,2,2,2,2,5,1,1,2,1,1,1,2,2,1,1,2,2
